{
  "last_scan": "2026-04-29T15:47:06.427775",
  "total_scanned": 0,
  "top_signals": [],
  "extreme_count": 0,
  "eur_rate": 0.8540315
}