{
  "last_scan": "2026-04-12T11:12:04.948817",
  "total_scanned": 0,
  "top_signals": [],
  "extreme_count": 0,
  "eur_rate": 0.85270392
}