{
  "last_scan": "2026-05-07T12:57:05.597739",
  "total_scanned": 0,
  "top_signals": [],
  "extreme_count": 0,
  "eur_rate": 0.85318991
}