{
  "last_scan": "2026-05-03T19:52:05.754807",
  "total_scanned": 0,
  "top_signals": [],
  "extreme_count": 0,
  "eur_rate": 0.8528501
}