{
  "last_scan": "2026-05-08T21:47:04.241177",
  "total_scanned": 0,
  "top_signals": [],
  "extreme_count": 0,
  "eur_rate": 0.85269084
}