{
  "last_scan": "2026-04-23T02:52:05.665178",
  "total_scanned": 0,
  "top_signals": [],
  "extreme_count": 0,
  "eur_rate": 0.85150371
}