{
  "last_scan": "2026-04-29T16:17:15.328009",
  "total_scanned": 0,
  "top_signals": [],
  "extreme_count": 0,
  "eur_rate": 0.8540315
}