{
  "last_scan": "2026-05-05T04:22:08.059720",
  "total_scanned": 0,
  "top_signals": [],
  "extreme_count": 0,
  "eur_rate": 0.85281009
}