{
  "last_scan": "2026-04-24T11:32:05.904386",
  "total_scanned": 0,
  "top_signals": [],
  "extreme_count": 0,
  "eur_rate": 0.85481045
}