{
  "last_scan": "2026-05-10T04:47:10.472126",
  "total_scanned": 0,
  "top_signals": [],
  "extreme_count": 0,
  "eur_rate": 0.84804048
}