{
  "last_scan": "2026-04-27T01:02:07.788534",
  "total_scanned": 0,
  "top_signals": [],
  "extreme_count": 0,
  "eur_rate": 0.85303998
}