{
  "last_scan": "2026-04-20T05:47:00.137844",
  "total_scanned": 0,
  "top_signals": [],
  "extreme_count": 0,
  "eur_rate": 0.84940406
}