{
  "last_scan": "2026-05-05T23:27:03.580994",
  "total_scanned": 0,
  "top_signals": [],
  "extreme_count": 0,
  "eur_rate": 0.85561937
}