{
  "last_scan": "2026-05-07T16:47:04.567880",
  "total_scanned": 0,
  "top_signals": [],
  "extreme_count": 0,
  "eur_rate": 0.85059546
}