{
  "last_scan": "2026-05-01T01:27:05.470837",
  "total_scanned": 0,
  "top_signals": [],
  "extreme_count": 0,
  "eur_rate": 0.85700157
}