{
  "last_scan": "2026-05-03T08:02:04.037157",
  "total_scanned": 0,
  "top_signals": [],
  "extreme_count": 0,
  "eur_rate": 0.8528501
}