{
  "last_scan": "2026-05-02T10:42:03.236608",
  "total_scanned": 0,
  "top_signals": [],
  "extreme_count": 0,
  "eur_rate": 0.85220034
}