{
  "last_scan": "2026-04-23T14:37:19.948012",
  "total_scanned": 0,
  "top_signals": [],
  "extreme_count": 0,
  "eur_rate": 0.85150371
}