{
  "last_scan": "2026-05-08T12:27:03.972803",
  "total_scanned": 0,
  "top_signals": [],
  "extreme_count": 0,
  "eur_rate": 0.85269084
}