{
  "last_scan": "2026-04-29T13:57:04.692123",
  "total_scanned": 0,
  "top_signals": [],
  "extreme_count": 0,
  "eur_rate": 0.85366041
}