{
  "last_scan": "2026-04-28T17:42:05.593868",
  "total_scanned": 0,
  "top_signals": [],
  "extreme_count": 0,
  "eur_rate": 0.85366041
}