{
  "last_scan": "2026-05-03T07:17:02.496755",
  "total_scanned": 0,
  "top_signals": [],
  "extreme_count": 0,
  "eur_rate": 0.8528501
}