{
  "last_scan": "2026-05-02T16:42:03.970426",
  "total_scanned": 0,
  "top_signals": [],
  "extreme_count": 0,
  "eur_rate": 0.8528501
}