{
  "last_scan": "2026-05-02T17:47:05.182172",
  "total_scanned": 0,
  "top_signals": [],
  "extreme_count": 0,
  "eur_rate": 0.8528501
}