{
  "last_scan": "2026-04-24T15:42:06.924557",
  "total_scanned": 0,
  "top_signals": [],
  "extreme_count": 0,
  "eur_rate": 0.8564797
}