{
  "last_scan": "2026-04-29T23:02:01.566779",
  "total_scanned": 0,
  "top_signals": [],
  "extreme_count": 0,
  "eur_rate": 0.8540315
}