{
  "last_scan": "2026-05-03T12:52:03.568721",
  "total_scanned": 0,
  "top_signals": [],
  "extreme_count": 0,
  "eur_rate": 0.8528501
}