{
  "last_scan": "2026-04-26T07:47:06.752079",
  "total_scanned": 0,
  "top_signals": [],
  "extreme_count": 0,
  "eur_rate": 0.85303998
}