{
  "last_scan": "2026-04-27T00:42:06.557142",
  "total_scanned": 0,
  "top_signals": [],
  "extreme_count": 0,
  "eur_rate": 0.85303998
}