{
  "last_scan": "2026-05-02T15:12:02.092754",
  "total_scanned": 0,
  "top_signals": [],
  "extreme_count": 0,
  "eur_rate": 0.8528501
}