{
  "last_scan": "2026-04-29T14:32:08.787921",
  "total_scanned": 0,
  "top_signals": [],
  "extreme_count": 0,
  "eur_rate": 0.8540315
}