{
  "last_scan": "2026-04-21T06:17:02.492285",
  "total_scanned": 0,
  "top_signals": [],
  "extreme_count": 0,
  "eur_rate": 0.85060414
}