{
  "last_scan": "2026-05-07T23:17:03.317221",
  "total_scanned": 0,
  "top_signals": [],
  "extreme_count": 0,
  "eur_rate": 0.85059546
}