{
  "last_scan": "2026-04-28T06:07:02.811867",
  "total_scanned": 0,
  "top_signals": [],
  "extreme_count": 0,
  "eur_rate": 0.85280355
}