{
  "last_scan": "2026-05-03T05:57:04.238594",
  "total_scanned": 0,
  "top_signals": [],
  "extreme_count": 0,
  "eur_rate": 0.8528501
}