{
  "last_scan": "2026-04-29T00:52:03.764983",
  "total_scanned": 0,
  "top_signals": [],
  "extreme_count": 0,
  "eur_rate": 0.85366041
}