{
  "last_scan": "2026-05-04T09:07:09.838743",
  "total_scanned": 0,
  "top_signals": [],
  "extreme_count": 0,
  "eur_rate": 0.8528501
}