{
  "last_scan": "2026-05-05T16:22:09.306437",
  "total_scanned": 0,
  "top_signals": [],
  "extreme_count": 0,
  "eur_rate": 0.85561937
}