{
  "last_scan": "2026-04-27T04:52:05.996680",
  "total_scanned": 0,
  "top_signals": [],
  "extreme_count": 0,
  "eur_rate": 0.85303998
}