{
  "last_scan": "2026-04-25T19:37:04.136713",
  "total_scanned": 0,
  "top_signals": [],
  "extreme_count": 0,
  "eur_rate": 0.85303998
}