{
  "last_scan": "2026-05-04T04:32:04.266766",
  "total_scanned": 0,
  "top_signals": [],
  "extreme_count": 0,
  "eur_rate": 0.8528501
}