{
  "last_scan": "2026-04-21T10:22:03.834851",
  "total_scanned": 0,
  "top_signals": [],
  "extreme_count": 0,
  "eur_rate": 0.85060414
}