{
  "last_scan": "2026-04-12T06:32:00.417824",
  "total_scanned": 0,
  "top_signals": [],
  "extreme_count": 0,
  "eur_rate": 0.85270392
}