{
  "last_scan": "2026-04-12T15:57:03.458027",
  "total_scanned": 0,
  "top_signals": [],
  "extreme_count": 0,
  "eur_rate": 0.85270392
}