{
  "last_scan": "2026-04-21T13:27:04.068295",
  "total_scanned": 0,
  "top_signals": [],
  "extreme_count": 0,
  "eur_rate": 0.84896994
}