{
  "last_scan": "2026-04-25T15:47:03.784739",
  "total_scanned": 0,
  "top_signals": [],
  "extreme_count": 0,
  "eur_rate": 0.8564797
}