{
  "last_scan": "2026-04-23T12:22:03.152972",
  "total_scanned": 0,
  "top_signals": [],
  "extreme_count": 0,
  "eur_rate": 0.85481045
}