{
  "last_scan": "2026-04-21T13:07:03.398227",
  "total_scanned": 0,
  "top_signals": [],
  "extreme_count": 0,
  "eur_rate": 0.84896994
}