{
  "last_scan": "2026-05-02T14:02:05.273558",
  "total_scanned": 0,
  "top_signals": [],
  "extreme_count": 0,
  "eur_rate": 0.85220034
}