{
  "last_scan": "2026-05-01T17:47:02.426164",
  "total_scanned": 0,
  "top_signals": [],
  "extreme_count": 0,
  "eur_rate": 0.85220034
}