{
  "last_scan": "2026-04-28T07:37:05.211705",
  "total_scanned": 0,
  "top_signals": [],
  "extreme_count": 0,
  "eur_rate": 0.85280355
}