{
  "last_scan": "2026-05-02T10:52:05.295010",
  "total_scanned": 0,
  "top_signals": [],
  "extreme_count": 0,
  "eur_rate": 0.8528501
}