{
  "last_scan": "2026-05-04T02:27:01.246238",
  "total_scanned": 0,
  "top_signals": [],
  "extreme_count": 0,
  "eur_rate": 0.8528501
}