{
  "last_scan": "2026-05-09T14:07:10.193987",
  "total_scanned": 0,
  "top_signals": [],
  "extreme_count": 0,
  "eur_rate": 0.85269084
}