{
  "last_scan": "2026-04-22T06:37:57.671717",
  "total_scanned": 0,
  "top_signals": [],
  "extreme_count": 0,
  "eur_rate": 0.84896994
}