{
  "last_scan": "2026-04-24T06:17:06.736658",
  "total_scanned": 0,
  "top_signals": [],
  "extreme_count": 0,
  "eur_rate": 0.85481045
}