{
  "last_scan": "2026-04-25T21:47:02.383197",
  "total_scanned": 0,
  "top_signals": [],
  "extreme_count": 0,
  "eur_rate": 0.85303998
}