{
  "last_scan": "2026-05-09T15:02:05.661501",
  "total_scanned": 0,
  "top_signals": [],
  "extreme_count": 0,
  "eur_rate": 0.84804048
}