{
  "last_scan": "2026-05-09T15:52:06.236878",
  "total_scanned": 0,
  "top_signals": [],
  "extreme_count": 0,
  "eur_rate": 0.85269084
}