{
  "last_scan": "2026-05-02T02:37:07.835935",
  "total_scanned": 0,
  "top_signals": [],
  "extreme_count": 0,
  "eur_rate": 0.85220034
}