{
  "last_scan": "2026-04-25T12:02:08.937553",
  "total_scanned": 0,
  "top_signals": [],
  "extreme_count": 0,
  "eur_rate": 0.85303998
}