{
  "last_scan": "2026-04-29T21:12:04.590384",
  "total_scanned": 0,
  "top_signals": [],
  "extreme_count": 0,
  "eur_rate": 0.8540315
}