{
  "last_scan": "2026-04-23T00:32:03.202684",
  "total_scanned": 0,
  "top_signals": [],
  "extreme_count": 0,
  "eur_rate": 0.85150371
}