{
  "last_scan": "2026-05-08T20:12:06.918732",
  "total_scanned": 0,
  "top_signals": [],
  "extreme_count": 0,
  "eur_rate": 0.85269084
}