{
  "last_scan": "2026-05-01T21:32:01.503150",
  "total_scanned": 0,
  "top_signals": [],
  "extreme_count": 0,
  "eur_rate": 0.85220034
}