{
  "last_scan": "2026-04-30T14:27:22.620665",
  "total_scanned": 0,
  "top_signals": [],
  "extreme_count": 0,
  "eur_rate": 0.8540315
}