{
  "last_scan": "2026-04-20T17:07:04.438745",
  "total_scanned": 0,
  "top_signals": [],
  "extreme_count": 0,
  "eur_rate": 0.85060414
}