{
  "last_scan": "2026-04-25T03:02:02.646843",
  "total_scanned": 0,
  "top_signals": [],
  "extreme_count": 0,
  "eur_rate": 0.8564797
}