{
  "last_scan": "2026-04-23T11:32:09.557828",
  "total_scanned": 0,
  "top_signals": [],
  "extreme_count": 0,
  "eur_rate": 0.85150371
}