{
  "last_scan": "2026-04-22T07:42:08.854589",
  "total_scanned": 0,
  "top_signals": [],
  "extreme_count": 0,
  "eur_rate": 0.84896994
}