{
  "last_scan": "2026-04-22T00:07:02.445948",
  "total_scanned": 0,
  "top_signals": [],
  "extreme_count": 0,
  "eur_rate": 0.84896994
}