{
  "last_scan": "2026-05-07T15:22:07.539766",
  "total_scanned": 0,
  "top_signals": [],
  "extreme_count": 0,
  "eur_rate": 0.85059546
}