{
  "last_scan": "2026-05-03T03:07:06.277957",
  "total_scanned": 0,
  "top_signals": [],
  "extreme_count": 0,
  "eur_rate": 0.8528501
}