{
  "last_scan": "2026-04-28T01:47:01.750468",
  "total_scanned": 0,
  "top_signals": [],
  "extreme_count": 0,
  "eur_rate": 0.85280355
}