{
  "last_scan": "2026-04-28T08:22:03.952163",
  "total_scanned": 0,
  "top_signals": [],
  "extreme_count": 0,
  "eur_rate": 0.85366041
}