{
  "last_scan": "2026-04-20T07:42:02.277255",
  "total_scanned": 0,
  "top_signals": [],
  "extreme_count": 0,
  "eur_rate": 0.84940406
}