{
  "last_scan": "2026-05-09T11:27:07.238062",
  "total_scanned": 0,
  "top_signals": [],
  "extreme_count": 0,
  "eur_rate": 0.84804048
}