{
  "last_scan": "2026-04-28T09:32:16.542809",
  "total_scanned": 0,
  "top_signals": [],
  "extreme_count": 0,
  "eur_rate": 0.85366041
}