{
  "last_scan": "2026-05-03T20:07:05.945373",
  "total_scanned": 0,
  "top_signals": [],
  "extreme_count": 0,
  "eur_rate": 0.8528501
}