{
  "last_scan": "2026-05-02T05:52:02.267801",
  "total_scanned": 0,
  "top_signals": [],
  "extreme_count": 0,
  "eur_rate": 0.8528501
}