{
  "last_scan": "2026-04-22T11:02:03.987317",
  "total_scanned": 0,
  "top_signals": [],
  "extreme_count": 0,
  "eur_rate": 0.84896994
}