{
  "last_scan": "2026-05-02T00:02:02.254541",
  "total_scanned": 0,
  "top_signals": [],
  "extreme_count": 0,
  "eur_rate": 0.85220034
}