{
  "last_scan": "2026-04-24T21:32:02.878562",
  "total_scanned": 0,
  "top_signals": [],
  "extreme_count": 0,
  "eur_rate": 0.8564797
}