{
  "last_scan": "2026-04-22T01:47:22.129974",
  "total_scanned": 0,
  "top_signals": [],
  "extreme_count": 0,
  "eur_rate": 0.84896994
}