{
  "last_scan": "2026-04-24T20:27:04.264573",
  "total_scanned": 0,
  "top_signals": [],
  "extreme_count": 0,
  "eur_rate": 0.8564797
}