{
  "last_scan": "2026-04-21T21:32:02.139694",
  "total_scanned": 0,
  "top_signals": [],
  "extreme_count": 0,
  "eur_rate": 0.84896994
}