{
  "last_scan": "2026-05-04T02:02:03.936884",
  "total_scanned": 0,
  "top_signals": [],
  "extreme_count": 0,
  "eur_rate": 0.8528501
}