{
  "last_scan": "2026-04-30T06:52:04.563444",
  "total_scanned": 0,
  "top_signals": [],
  "extreme_count": 0,
  "eur_rate": 0.85700157
}