{
  "last_scan": "2026-05-01T13:42:09.086432",
  "total_scanned": 0,
  "top_signals": [],
  "extreme_count": 0,
  "eur_rate": 0.85220034
}