{
  "last_scan": "2026-04-20T10:57:02.236602",
  "total_scanned": 0,
  "top_signals": [],
  "extreme_count": 0,
  "eur_rate": 0.84940406
}