{
  "last_scan": "2026-05-10T11:52:04.102007",
  "total_scanned": 0,
  "top_signals": [],
  "extreme_count": 0,
  "eur_rate": 0.84804048
}