{
  "last_scan": "2026-04-27T09:37:04.052727",
  "total_scanned": 0,
  "top_signals": [],
  "extreme_count": 0,
  "eur_rate": 0.85280355
}