{
  "last_scan": "2026-05-09T09:42:06.036760",
  "total_scanned": 0,
  "top_signals": [],
  "extreme_count": 0,
  "eur_rate": 0.84804048
}