{
  "last_scan": "2026-04-27T19:47:04.860518",
  "total_scanned": 0,
  "top_signals": [],
  "extreme_count": 0,
  "eur_rate": 0.85280355
}