{
  "last_scan": "2026-05-08T12:32:09.747725",
  "total_scanned": 0,
  "top_signals": [],
  "extreme_count": 0,
  "eur_rate": 0.85269084
}