{
  "last_scan": "2026-04-23T19:30:06.847342",
  "total_scanned": 0,
  "top_signals": [],
  "extreme_count": 0,
  "eur_rate": 0.85481045
}