{
  "last_scan": "2026-05-09T06:12:30.087336",
  "total_scanned": 0,
  "top_signals": [],
  "extreme_count": 0,
  "eur_rate": 0.85269084
}