{
  "last_scan": "2026-04-29T16:12:15.233139",
  "total_scanned": 0,
  "top_signals": [],
  "extreme_count": 0,
  "eur_rate": 0.8540315
}