{
  "last_scan": "2026-04-30T02:12:08.745590",
  "total_scanned": 0,
  "top_signals": [],
  "extreme_count": 0,
  "eur_rate": 0.8540315
}