{
  "last_scan": "2026-05-06T21:27:03.809621",
  "total_scanned": 0,
  "top_signals": [],
  "extreme_count": 0,
  "eur_rate": 0.85318991
}