{
  "last_scan": "2026-05-07T13:52:08.905125",
  "total_scanned": 0,
  "top_signals": [],
  "extreme_count": 0,
  "eur_rate": 0.85059546
}