{
  "last_scan": "2026-05-04T00:57:05.238093",
  "total_scanned": 0,
  "top_signals": [],
  "extreme_count": 0,
  "eur_rate": 0.8528501
}