{
  "last_scan": "2026-04-30T17:57:04.954991",
  "total_scanned": 0,
  "top_signals": [],
  "extreme_count": 0,
  "eur_rate": 0.85700157
}