{
  "last_scan": "2026-05-02T06:47:03.155166",
  "total_scanned": 0,
  "top_signals": [],
  "extreme_count": 0,
  "eur_rate": 0.85220034
}