{
  "last_scan": "2026-05-06T06:57:20.096285",
  "total_scanned": 0,
  "top_signals": [],
  "extreme_count": 0,
  "eur_rate": 0.85561937
}