{
  "last_scan": "2026-04-24T08:27:06.800660",
  "total_scanned": 0,
  "top_signals": [],
  "extreme_count": 0,
  "eur_rate": 0.85481045
}