{
  "last_scan": "2026-04-20T13:52:05.502362",
  "total_scanned": 0,
  "top_signals": [],
  "extreme_count": 0,
  "eur_rate": 0.85060414
}