{
  "last_scan": "2026-04-23T17:02:04.666960",
  "total_scanned": 0,
  "top_signals": [],
  "extreme_count": 0,
  "eur_rate": 0.85481045
}