{
  "last_scan": "2026-05-03T02:22:02.676861",
  "total_scanned": 0,
  "top_signals": [],
  "extreme_count": 0,
  "eur_rate": 0.8528501
}