{
  "last_scan": "2026-04-30T09:02:04.153611",
  "total_scanned": 0,
  "top_signals": [],
  "extreme_count": 0,
  "eur_rate": 0.85700157
}