{
  "last_scan": "2026-05-09T23:37:07.554092",
  "total_scanned": 0,
  "top_signals": [],
  "extreme_count": 0,
  "eur_rate": 0.84804048
}