{
  "last_scan": "2026-05-02T16:07:06.232760",
  "total_scanned": 0,
  "top_signals": [],
  "extreme_count": 0,
  "eur_rate": 0.8528501
}