{
  "last_scan": "2026-05-02T12:07:05.336953",
  "total_scanned": 0,
  "top_signals": [],
  "extreme_count": 0,
  "eur_rate": 0.8528501
}