{
  "last_scan": "2026-05-08T21:17:09.656043",
  "total_scanned": 0,
  "top_signals": [],
  "extreme_count": 0,
  "eur_rate": 0.85269084
}