{
  "last_scan": "2026-05-07T10:57:04.321961",
  "total_scanned": 0,
  "top_signals": [],
  "extreme_count": 0,
  "eur_rate": 0.85059546
}