{
  "last_scan": "2026-04-21T05:47:01.692885",
  "total_scanned": 0,
  "top_signals": [],
  "extreme_count": 0,
  "eur_rate": 0.85060414
}