{
  "last_scan": "2026-05-02T15:47:04.238757",
  "total_scanned": 0,
  "top_signals": [],
  "extreme_count": 0,
  "eur_rate": 0.85220034
}