{
  "last_scan": "2026-05-08T02:32:05.240842",
  "total_scanned": 0,
  "top_signals": [],
  "extreme_count": 0,
  "eur_rate": 0.85059546
}