{
  "last_scan": "2026-04-30T04:47:09.686550",
  "total_scanned": 0,
  "top_signals": [],
  "extreme_count": 0,
  "eur_rate": 0.8540315
}