{
  "last_scan": "2026-05-05T00:42:01.755138",
  "total_scanned": 0,
  "top_signals": [],
  "extreme_count": 0,
  "eur_rate": 0.85281009
}