{
  "last_scan": "2026-04-27T20:02:04.970655",
  "total_scanned": 0,
  "top_signals": [],
  "extreme_count": 0,
  "eur_rate": 0.85280355
}