{
  "last_scan": "2026-05-03T06:52:08.697257",
  "total_scanned": 0,
  "top_signals": [],
  "extreme_count": 0,
  "eur_rate": 0.8528501
}