{
  "last_scan": "2026-05-09T12:22:11.256128",
  "total_scanned": 0,
  "top_signals": [],
  "extreme_count": 0,
  "eur_rate": 0.85269084
}