{
  "last_scan": "2026-05-06T14:12:09.027723",
  "total_scanned": 0,
  "top_signals": [],
  "extreme_count": 0,
  "eur_rate": 0.85318991
}