{
  "last_scan": "2026-04-29T21:37:04.250968",
  "total_scanned": 0,
  "top_signals": [],
  "extreme_count": 0,
  "eur_rate": 0.8540315
}