{
  "last_scan": "2026-04-27T02:07:06.468939",
  "total_scanned": 0,
  "top_signals": [],
  "extreme_count": 0,
  "eur_rate": 0.85303998
}