{
  "last_scan": "2026-04-23T21:02:04.803968",
  "total_scanned": 0,
  "top_signals": [],
  "extreme_count": 0,
  "eur_rate": 0.85481045
}