{
  "last_scan": "2026-04-28T23:07:09.331623",
  "total_scanned": 0,
  "top_signals": [],
  "extreme_count": 0,
  "eur_rate": 0.85366041
}