{
  "last_scan": "2026-05-09T20:57:05.269570",
  "total_scanned": 0,
  "top_signals": [],
  "extreme_count": 0,
  "eur_rate": 0.84804048
}