{
  "last_scan": "2026-04-29T14:17:05.238939",
  "total_scanned": 0,
  "top_signals": [],
  "extreme_count": 0,
  "eur_rate": 0.85366041
}