{
  "last_scan": "2026-04-28T04:42:02.012173",
  "total_scanned": 0,
  "top_signals": [],
  "extreme_count": 0,
  "eur_rate": 0.85280355
}