{
  "last_scan": "2026-04-23T17:57:04.396314",
  "total_scanned": 0,
  "top_signals": [],
  "extreme_count": 0,
  "eur_rate": 0.85481045
}