{
  "last_scan": "2026-04-29T15:17:06.391102",
  "total_scanned": 0,
  "top_signals": [],
  "extreme_count": 0,
  "eur_rate": 0.8540315
}