{
  "last_scan": "2026-05-03T06:02:03.502256",
  "total_scanned": 0,
  "top_signals": [],
  "extreme_count": 0,
  "eur_rate": 0.8528501
}