{
  "last_scan": "2026-04-26T18:57:08.896679",
  "total_scanned": 0,
  "top_signals": [],
  "extreme_count": 0,
  "eur_rate": 0.85303998
}