{
  "last_scan": "2026-04-25T16:32:04.289419",
  "total_scanned": 0,
  "top_signals": [],
  "extreme_count": 0,
  "eur_rate": 0.85303998
}