{
  "last_scan": "2026-04-20T04:17:01.561726",
  "total_scanned": 0,
  "top_signals": [],
  "extreme_count": 0,
  "eur_rate": 0.84940406
}