{
  "last_scan": "2026-04-30T13:37:07.657991",
  "total_scanned": 0,
  "top_signals": [],
  "extreme_count": 0,
  "eur_rate": 0.85700157
}