{
  "last_scan": "2026-05-08T07:47:04.413303",
  "total_scanned": 0,
  "top_signals": [],
  "extreme_count": 0,
  "eur_rate": 0.85059546
}