{
  "last_scan": "2026-04-22T17:42:02.978902",
  "total_scanned": 0,
  "top_signals": [],
  "extreme_count": 0,
  "eur_rate": 0.85150371
}