{
  "last_scan": "2026-04-29T12:22:06.346466",
  "total_scanned": 0,
  "top_signals": [],
  "extreme_count": 0,
  "eur_rate": 0.8540315
}