{
  "last_scan": "2026-04-30T05:32:04.328204",
  "total_scanned": 0,
  "top_signals": [],
  "extreme_count": 0,
  "eur_rate": 0.8540315
}