{
  "last_scan": "2026-05-06T10:17:05.314213",
  "total_scanned": 0,
  "top_signals": [],
  "extreme_count": 0,
  "eur_rate": 0.85318991
}