{
  "last_scan": "2026-05-04T12:47:10.090942",
  "total_scanned": 0,
  "top_signals": [],
  "extreme_count": 0,
  "eur_rate": 0.85281009
}