{
  "last_scan": "2026-05-07T23:47:02.817762",
  "total_scanned": 0,
  "top_signals": [],
  "extreme_count": 0,
  "eur_rate": 0.85059546
}