{
  "last_scan": "2026-05-08T15:57:12.757059",
  "total_scanned": 0,
  "top_signals": [],
  "extreme_count": 0,
  "eur_rate": 0.85269084
}