{
  "last_scan": "2026-04-26T20:27:09.144433",
  "total_scanned": 0,
  "top_signals": [],
  "extreme_count": 0,
  "eur_rate": 0.85303998
}