{
  "last_scan": "2026-04-24T15:27:06.168311",
  "total_scanned": 0,
  "top_signals": [],
  "extreme_count": 0,
  "eur_rate": 0.8564797
}