{
  "last_scan": "2026-05-04T01:37:02.833576",
  "total_scanned": 0,
  "top_signals": [],
  "extreme_count": 0,
  "eur_rate": 0.8528501
}