{
  "last_scan": "2026-04-12T02:07:00.318452",
  "total_scanned": 0,
  "top_signals": [],
  "extreme_count": 0,
  "eur_rate": 0.85270392
}