{
  "last_scan": "2026-05-06T11:22:09.655856",
  "total_scanned": 0,
  "top_signals": [],
  "extreme_count": 0,
  "eur_rate": 0.85561937
}