{
  "last_scan": "2026-05-10T03:32:08.766048",
  "total_scanned": 0,
  "top_signals": [],
  "extreme_count": 0,
  "eur_rate": 0.84804048
}