{
  "last_scan": "2026-05-02T06:32:04.049808",
  "total_scanned": 0,
  "top_signals": [],
  "extreme_count": 0,
  "eur_rate": 0.8528501
}