{
  "last_scan": "2026-04-21T03:32:02.106010",
  "total_scanned": 0,
  "top_signals": [],
  "extreme_count": 0,
  "eur_rate": 0.85060414
}