{
  "last_scan": "2026-05-09T04:22:05.636014",
  "total_scanned": 0,
  "top_signals": [],
  "extreme_count": 0,
  "eur_rate": 0.85269084
}