{
  "last_scan": "2026-05-03T23:32:05.024221",
  "total_scanned": 0,
  "top_signals": [],
  "extreme_count": 0,
  "eur_rate": 0.8528501
}