{
  "last_scan": "2026-05-06T08:22:04.504335",
  "total_scanned": 0,
  "top_signals": [],
  "extreme_count": 0,
  "eur_rate": 0.85318991
}