{
  "last_scan": "2026-04-26T00:47:04.962764",
  "total_scanned": 0,
  "top_signals": [],
  "extreme_count": 0,
  "eur_rate": 0.85303998
}