{
  "last_scan": "2026-05-02T18:02:10.551421",
  "total_scanned": 0,
  "top_signals": [],
  "extreme_count": 0,
  "eur_rate": 0.8528501
}