{
  "last_scan": "2026-04-21T18:27:02.625826",
  "total_scanned": 0,
  "top_signals": [],
  "extreme_count": 0,
  "eur_rate": 0.84896994
}