{
  "last_scan": "2026-05-09T13:17:06.335777",
  "total_scanned": 0,
  "top_signals": [],
  "extreme_count": 0,
  "eur_rate": 0.84804048
}