{
  "last_scan": "2026-05-03T01:02:02.859847",
  "total_scanned": 0,
  "top_signals": [],
  "extreme_count": 0,
  "eur_rate": 0.8528501
}