{
  "last_scan": "2026-04-11T21:17:30.074101",
  "total_scanned": 0,
  "top_signals": [],
  "extreme_count": 0,
  "eur_rate": 0.85270392
}