{
  "last_scan": "2026-04-28T10:57:05.490782",
  "total_scanned": 0,
  "top_signals": [],
  "extreme_count": 0,
  "eur_rate": 0.85366041
}