{
  "last_scan": "2026-04-21T09:52:01.960466",
  "total_scanned": 0,
  "top_signals": [],
  "extreme_count": 0,
  "eur_rate": 0.85060414
}