{
  "last_scan": "2026-05-05T06:42:02.759065",
  "total_scanned": 0,
  "top_signals": [],
  "extreme_count": 0,
  "eur_rate": 0.85561937
}