{
  "last_scan": "2026-04-22T12:02:04.484156",
  "total_scanned": 0,
  "top_signals": [],
  "extreme_count": 0,
  "eur_rate": 0.85150371
}