{
  "last_scan": "2026-04-29T04:47:02.565451",
  "total_scanned": 0,
  "top_signals": [],
  "extreme_count": 0,
  "eur_rate": 0.85366041
}