{
  "last_scan": "2026-04-29T17:57:10.878615",
  "total_scanned": 0,
  "top_signals": [],
  "extreme_count": 0,
  "eur_rate": 0.8540315
}