{
  "last_scan": "2026-04-12T04:17:00.695882",
  "total_scanned": 0,
  "top_signals": [],
  "extreme_count": 0,
  "eur_rate": 0.85270392
}