{
  "last_scan": "2026-04-27T18:57:03.335995",
  "total_scanned": 0,
  "top_signals": [],
  "extreme_count": 0,
  "eur_rate": 0.85280355
}