{
  "last_scan": "2026-04-29T12:17:05.737378",
  "total_scanned": 0,
  "top_signals": [],
  "extreme_count": 0,
  "eur_rate": 0.8540315
}