{
  "last_scan": "2026-05-05T11:37:06.357940",
  "total_scanned": 0,
  "top_signals": [],
  "extreme_count": 0,
  "eur_rate": 0.85561937
}