{
  "last_scan": "2026-05-06T00:07:02.466689",
  "total_scanned": 0,
  "top_signals": [],
  "extreme_count": 0,
  "eur_rate": 0.85561937
}