{
  "last_scan": "2026-05-08T08:32:04.821102",
  "total_scanned": 0,
  "top_signals": [],
  "extreme_count": 0,
  "eur_rate": 0.85269084
}