{
  "last_scan": "2026-05-01T10:12:02.647741",
  "total_scanned": 0,
  "top_signals": [],
  "extreme_count": 0,
  "eur_rate": 0.85220034
}