{
  "last_scan": "2026-05-02T08:57:04.758442",
  "total_scanned": 0,
  "top_signals": [],
  "extreme_count": 0,
  "eur_rate": 0.85220034
}