{
  "last_scan": "2026-04-29T11:32:03.401843",
  "total_scanned": 0,
  "top_signals": [],
  "extreme_count": 0,
  "eur_rate": 0.85366041
}