{
  "last_scan": "2026-05-06T13:12:05.987017",
  "total_scanned": 0,
  "top_signals": [],
  "extreme_count": 0,
  "eur_rate": 0.85318991
}