{
  "last_scan": "2026-05-05T21:27:07.938745",
  "total_scanned": 0,
  "top_signals": [],
  "extreme_count": 0,
  "eur_rate": 0.85561937
}