{
  "last_scan": "2026-05-02T13:47:03.918872",
  "total_scanned": 0,
  "top_signals": [],
  "extreme_count": 0,
  "eur_rate": 0.8528501
}