{
  "last_scan": "2026-05-05T16:27:06.640481",
  "total_scanned": 0,
  "top_signals": [],
  "extreme_count": 0,
  "eur_rate": 0.85561937
}