{
  "last_scan": "2026-05-04T02:42:08.150830",
  "total_scanned": 0,
  "top_signals": [],
  "extreme_count": 0,
  "eur_rate": 0.8528501
}