{
  "last_scan": "2026-04-29T05:17:02.475041",
  "total_scanned": 0,
  "top_signals": [],
  "extreme_count": 0,
  "eur_rate": 0.8540315
}