{
  "last_scan": "2026-05-02T18:32:05.366977",
  "total_scanned": 0,
  "top_signals": [],
  "extreme_count": 0,
  "eur_rate": 0.8528501
}