{
  "last_scan": "2026-05-01T04:32:02.820581",
  "total_scanned": 0,
  "top_signals": [],
  "extreme_count": 0,
  "eur_rate": 0.85700157
}