{
  "last_scan": "2026-05-06T01:57:01.574363",
  "total_scanned": 0,
  "top_signals": [],
  "extreme_count": 0,
  "eur_rate": 0.85561937
}