{
  "last_scan": "2026-04-20T13:22:02.696608",
  "total_scanned": 0,
  "top_signals": [],
  "extreme_count": 0,
  "eur_rate": 0.85060414
}