{
  "last_scan": "2026-04-22T19:47:03.985580",
  "total_scanned": 0,
  "top_signals": [],
  "extreme_count": 0,
  "eur_rate": 0.85150371
}