{
  "last_scan": "2026-04-27T03:17:04.937340",
  "total_scanned": 0,
  "top_signals": [],
  "extreme_count": 0,
  "eur_rate": 0.85303998
}