{
  "last_scan": "2026-05-07T16:02:09.687377",
  "total_scanned": 0,
  "top_signals": [],
  "extreme_count": 0,
  "eur_rate": 0.85318991
}