{
  "last_scan": "2026-04-22T08:22:02.925093",
  "total_scanned": 0,
  "top_signals": [],
  "extreme_count": 0,
  "eur_rate": 0.84896994
}