{
  "last_scan": "2026-05-01T14:17:04.772776",
  "total_scanned": 0,
  "top_signals": [],
  "extreme_count": 0,
  "eur_rate": 0.85700157
}