{
  "last_scan": "2026-05-04T02:17:02.076874",
  "total_scanned": 0,
  "top_signals": [],
  "extreme_count": 0,
  "eur_rate": 0.8528501
}