{
  "last_scan": "2026-04-27T17:52:04.297741",
  "total_scanned": 0,
  "top_signals": [],
  "extreme_count": 0,
  "eur_rate": 0.85280355
}