{
  "last_scan": "2026-04-23T18:07:10.581571",
  "total_scanned": 0,
  "top_signals": [],
  "extreme_count": 0,
  "eur_rate": 0.85481045
}