{
  "last_scan": "2026-04-25T19:27:03.768943",
  "total_scanned": 0,
  "top_signals": [],
  "extreme_count": 0,
  "eur_rate": 0.85303998
}