{
  "last_scan": "2026-05-01T13:57:05.863012",
  "total_scanned": 0,
  "top_signals": [],
  "extreme_count": 0,
  "eur_rate": 0.85700157
}