{
  "last_scan": "2026-04-28T03:57:03.000414",
  "total_scanned": 0,
  "top_signals": [],
  "extreme_count": 0,
  "eur_rate": 0.85280355
}