{
  "last_scan": "2026-05-08T01:07:03.751373",
  "total_scanned": 0,
  "top_signals": [],
  "extreme_count": 0,
  "eur_rate": 0.85059546
}