{
  "last_scan": "2026-04-22T06:22:02.220264",
  "total_scanned": 0,
  "top_signals": [],
  "extreme_count": 0,
  "eur_rate": 0.84896994
}