{
  "last_scan": "2026-04-26T13:17:14.296865",
  "total_scanned": 0,
  "top_signals": [],
  "extreme_count": 0,
  "eur_rate": 0.85303998
}