{
  "last_scan": "2026-04-27T08:37:10.709800",
  "total_scanned": 0,
  "top_signals": [],
  "extreme_count": 0,
  "eur_rate": 0.85280355
}