{
  "last_scan": "2026-04-24T07:42:05.443605",
  "total_scanned": 0,
  "top_signals": [],
  "extreme_count": 0,
  "eur_rate": 0.85481045
}