{
  "last_scan": "2026-04-23T05:12:02.019726",
  "total_scanned": 0,
  "top_signals": [],
  "extreme_count": 0,
  "eur_rate": 0.85150371
}