{
  "last_scan": "2026-05-06T08:42:05.206985",
  "total_scanned": 0,
  "top_signals": [],
  "extreme_count": 0,
  "eur_rate": 0.85318991
}