{
  "last_scan": "2026-05-05T15:17:05.628266",
  "total_scanned": 0,
  "top_signals": [],
  "extreme_count": 0,
  "eur_rate": 0.85561937
}