{
  "last_scan": "2026-04-20T12:57:02.464853",
  "total_scanned": 0,
  "top_signals": [],
  "extreme_count": 0,
  "eur_rate": 0.84940406
}