{
  "last_scan": "2026-05-03T16:02:03.183148",
  "total_scanned": 0,
  "top_signals": [],
  "extreme_count": 0,
  "eur_rate": 0.8528501
}