{
  "last_scan": "2026-04-21T12:32:03.072730",
  "total_scanned": 0,
  "top_signals": [],
  "extreme_count": 0,
  "eur_rate": 0.84896994
}