{
  "last_scan": "2026-04-24T13:27:08.909545",
  "total_scanned": 0,
  "top_signals": [],
  "extreme_count": 0,
  "eur_rate": 0.8564797
}