{
  "last_scan": "2026-05-01T15:52:02.972431",
  "total_scanned": 0,
  "top_signals": [],
  "extreme_count": 0,
  "eur_rate": 0.85700157
}