{
  "last_scan": "2026-05-07T05:32:08.118077",
  "total_scanned": 0,
  "top_signals": [],
  "extreme_count": 0,
  "eur_rate": 0.85059546
}