{
  "last_scan": "2026-04-27T06:12:03.625229",
  "total_scanned": 0,
  "top_signals": [],
  "extreme_count": 0,
  "eur_rate": 0.85280355
}