{
  "last_scan": "2026-04-28T18:17:09.203400",
  "total_scanned": 0,
  "top_signals": [],
  "extreme_count": 0,
  "eur_rate": 0.85366041
}