{
  "last_scan": "2026-05-04T09:57:06.506669",
  "total_scanned": 0,
  "top_signals": [],
  "extreme_count": 0,
  "eur_rate": 0.85281009
}