{
  "last_scan": "2026-05-05T03:57:03.576440",
  "total_scanned": 0,
  "top_signals": [],
  "extreme_count": 0,
  "eur_rate": 0.85281009
}