{
  "last_scan": "2026-04-22T17:22:05.004342",
  "total_scanned": 0,
  "top_signals": [],
  "extreme_count": 0,
  "eur_rate": 0.85150371
}