{
  "last_scan": "2026-05-10T06:07:03.512778",
  "total_scanned": 0,
  "top_signals": [],
  "extreme_count": 0,
  "eur_rate": 0.84804048
}