{
  "last_scan": "2026-05-05T13:12:05.376788",
  "total_scanned": 0,
  "top_signals": [],
  "extreme_count": 0,
  "eur_rate": 0.85561937
}