{
  "last_scan": "2026-05-02T23:47:07.353820",
  "total_scanned": 0,
  "top_signals": [],
  "extreme_count": 0,
  "eur_rate": 0.8528501
}