{
  "last_scan": "2026-04-22T14:52:05.196505",
  "total_scanned": 0,
  "top_signals": [],
  "extreme_count": 0,
  "eur_rate": 0.85150371
}