{
  "last_scan": "2026-05-02T08:07:11.823308",
  "total_scanned": 0,
  "top_signals": [],
  "extreme_count": 0,
  "eur_rate": 0.8528501
}