{
  "last_scan": "2026-04-27T23:22:03.394673",
  "total_scanned": 0,
  "top_signals": [],
  "extreme_count": 0,
  "eur_rate": 0.85280355
}