{
  "last_scan": "2026-04-21T11:32:04.593763",
  "total_scanned": 0,
  "top_signals": [],
  "extreme_count": 0,
  "eur_rate": 0.85060414
}