{
  "last_scan": "2026-04-23T09:27:06.223247",
  "total_scanned": 0,
  "top_signals": [],
  "extreme_count": 0,
  "eur_rate": 0.85150371
}