{
  "last_scan": "2026-04-22T05:17:02.905846",
  "total_scanned": 0,
  "top_signals": [],
  "extreme_count": 0,
  "eur_rate": 0.84896994
}