{
  "last_scan": "2026-04-24T17:57:17.887585",
  "total_scanned": 0,
  "top_signals": [],
  "extreme_count": 0,
  "eur_rate": 0.8564797
}