{
  "last_scan": "2026-04-24T18:22:03.266718",
  "total_scanned": 0,
  "top_signals": [],
  "extreme_count": 0,
  "eur_rate": 0.8564797
}