{
  "last_scan": "2026-05-03T20:32:03.525263",
  "total_scanned": 0,
  "top_signals": [],
  "extreme_count": 0,
  "eur_rate": 0.8528501
}