{
  "last_scan": "2026-05-08T19:42:06.537334",
  "total_scanned": 0,
  "top_signals": [],
  "extreme_count": 0,
  "eur_rate": 0.85269084
}