{
  "last_scan": "2026-05-05T09:27:05.702031",
  "total_scanned": 0,
  "top_signals": [],
  "extreme_count": 0,
  "eur_rate": 0.85281009
}