{
  "last_scan": "2026-05-09T17:17:11.544880",
  "total_scanned": 0,
  "top_signals": [],
  "extreme_count": 0,
  "eur_rate": 0.84804048
}