{
  "last_scan": "2026-04-20T15:47:04.236371",
  "total_scanned": 0,
  "top_signals": [],
  "extreme_count": 0,
  "eur_rate": 0.85060414
}