{
  "last_scan": "2026-04-11T22:52:00.833365",
  "total_scanned": 0,
  "top_signals": [],
  "extreme_count": 0,
  "eur_rate": 0.85270392
}