{
  "last_scan": "2026-04-20T06:12:08.634127",
  "total_scanned": 0,
  "top_signals": [],
  "extreme_count": 0,
  "eur_rate": 0.84940406
}