{
  "last_scan": "2026-04-30T02:57:03.637411",
  "total_scanned": 0,
  "top_signals": [],
  "extreme_count": 0,
  "eur_rate": 0.8540315
}