{
  "last_scan": "2026-05-06T03:17:02.662874",
  "total_scanned": 0,
  "top_signals": [],
  "extreme_count": 0,
  "eur_rate": 0.85561937
}