{
  "last_scan": "2026-04-24T11:37:05.542029",
  "total_scanned": 0,
  "top_signals": [],
  "extreme_count": 0,
  "eur_rate": 0.85481045
}