{
  "last_scan": "2026-05-08T10:17:10.266184",
  "total_scanned": 0,
  "top_signals": [],
  "extreme_count": 0,
  "eur_rate": 0.85269084
}