{
  "last_scan": "2026-04-29T22:22:16.121328",
  "total_scanned": 0,
  "top_signals": [],
  "extreme_count": 0,
  "eur_rate": 0.8540315
}