{
  "last_scan": "2026-05-06T12:12:06.387269",
  "total_scanned": 0,
  "top_signals": [],
  "extreme_count": 0,
  "eur_rate": 0.85318991
}