{
  "last_scan": "2026-05-07T17:27:06.457411",
  "total_scanned": 0,
  "top_signals": [],
  "extreme_count": 0,
  "eur_rate": 0.85059546
}