{
  "last_scan": "2026-05-03T07:47:09.567217",
  "total_scanned": 0,
  "top_signals": [],
  "extreme_count": 0,
  "eur_rate": 0.8528501
}