{
  "last_scan": "2026-05-01T12:07:02.074595",
  "total_scanned": 0,
  "top_signals": [],
  "extreme_count": 0,
  "eur_rate": 0.85220034
}