{
  "last_scan": "2026-05-02T16:27:03.664152",
  "total_scanned": 0,
  "top_signals": [],
  "extreme_count": 0,
  "eur_rate": 0.8528501
}