{
  "last_scan": "2026-04-22T20:27:05.098571",
  "total_scanned": 0,
  "top_signals": [],
  "extreme_count": 0,
  "eur_rate": 0.85150371
}