{
  "last_scan": "2026-05-03T04:27:05.354092",
  "total_scanned": 0,
  "top_signals": [],
  "extreme_count": 0,
  "eur_rate": 0.8528501
}