{
  "last_scan": "2026-05-01T07:52:12.288699",
  "total_scanned": 0,
  "top_signals": [],
  "extreme_count": 0,
  "eur_rate": 0.85220034
}