{
  "last_scan": "2026-05-02T23:12:02.834527",
  "total_scanned": 0,
  "top_signals": [],
  "extreme_count": 0,
  "eur_rate": 0.8528501
}