{
  "last_scan": "2026-05-04T22:12:04.674426",
  "total_scanned": 0,
  "top_signals": [],
  "extreme_count": 0,
  "eur_rate": 0.85281009
}