{
  "last_scan": "2026-04-25T09:32:03.142463",
  "total_scanned": 0,
  "top_signals": [],
  "extreme_count": 0,
  "eur_rate": 0.8564797
}