{
  "last_scan": "2026-05-05T21:42:33.365186",
  "total_scanned": 0,
  "top_signals": [],
  "extreme_count": 0,
  "eur_rate": 0.85561937
}