{
  "last_scan": "2026-05-07T09:47:04.160400",
  "total_scanned": 0,
  "top_signals": [],
  "extreme_count": 0,
  "eur_rate": 0.85318991
}