{
  "last_scan": "2026-04-27T21:52:03.217816",
  "total_scanned": 0,
  "top_signals": [],
  "extreme_count": 0,
  "eur_rate": 0.85280355
}