{
  "last_scan": "2026-05-04T05:22:03.014957",
  "total_scanned": 0,
  "top_signals": [],
  "extreme_count": 0,
  "eur_rate": 0.8528501
}