{
  "last_scan": "2026-05-04T15:52:06.000322",
  "total_scanned": 0,
  "top_signals": [],
  "extreme_count": 0,
  "eur_rate": 0.8528501
}