{
  "last_scan": "2026-04-29T18:17:20.639660",
  "total_scanned": 0,
  "top_signals": [],
  "extreme_count": 0,
  "eur_rate": 0.8540315
}