{
  "last_scan": "2026-04-25T14:52:03.953816",
  "total_scanned": 0,
  "top_signals": [],
  "extreme_count": 0,
  "eur_rate": 0.85303998
}