{
  "last_scan": "2026-04-28T14:07:04.977176",
  "total_scanned": 0,
  "top_signals": [],
  "extreme_count": 0,
  "eur_rate": 0.85280355
}