{
  "last_scan": "2026-05-01T16:07:16.447470",
  "total_scanned": 0,
  "top_signals": [],
  "extreme_count": 0,
  "eur_rate": 0.85700157
}