{
  "last_scan": "2026-04-30T19:07:07.680093",
  "total_scanned": 0,
  "top_signals": [],
  "extreme_count": 0,
  "eur_rate": 0.85700157
}