{
  "last_scan": "2026-04-26T15:22:07.946109",
  "total_scanned": 0,
  "top_signals": [],
  "extreme_count": 0,
  "eur_rate": 0.85303998
}