{
  "last_scan": "2026-04-20T18:22:06.951725",
  "total_scanned": 0,
  "top_signals": [],
  "extreme_count": 0,
  "eur_rate": 0.85060414
}