{
  "last_scan": "2026-04-27T07:12:01.438973",
  "total_scanned": 0,
  "top_signals": [],
  "extreme_count": 0,
  "eur_rate": 0.85303998
}