{
  "last_scan": "2026-05-04T18:12:09.185149",
  "total_scanned": 0,
  "top_signals": [],
  "extreme_count": 0,
  "eur_rate": 0.85281009
}