{
  "last_scan": "2026-04-29T10:22:06.157891",
  "total_scanned": 0,
  "top_signals": [],
  "extreme_count": 0,
  "eur_rate": 0.8540315
}