{
  "last_scan": "2026-05-06T16:12:10.754892",
  "total_scanned": 0,
  "top_signals": [],
  "extreme_count": 0,
  "eur_rate": 0.85318991
}