{
  "last_scan": "2026-05-07T23:57:08.346272",
  "total_scanned": 0,
  "top_signals": [],
  "extreme_count": 0,
  "eur_rate": 0.85059546
}