{
  "last_scan": "2026-04-11T23:07:03.318669",
  "total_scanned": 0,
  "top_signals": [],
  "extreme_count": 0,
  "eur_rate": 0.85270392
}