{
  "last_scan": "2026-04-24T05:42:02.747873",
  "total_scanned": 0,
  "top_signals": [],
  "extreme_count": 0,
  "eur_rate": 0.85481045
}