{
  "last_scan": "2026-05-08T13:12:04.736167",
  "total_scanned": 0,
  "top_signals": [],
  "extreme_count": 0,
  "eur_rate": 0.85269084
}