{
  "last_scan": "2026-04-28T15:17:06.300973",
  "total_scanned": 0,
  "top_signals": [],
  "extreme_count": 0,
  "eur_rate": 0.85366041
}