{
  "last_scan": "2026-05-03T00:27:03.036850",
  "total_scanned": 0,
  "top_signals": [],
  "extreme_count": 0,
  "eur_rate": 0.8528501
}