{
  "last_scan": "2026-04-30T14:17:29.436408",
  "total_scanned": 0,
  "top_signals": [],
  "extreme_count": 0,
  "eur_rate": 0.85700157
}