{
  "last_scan": "2026-04-23T21:27:02.283014",
  "total_scanned": 0,
  "top_signals": [],
  "extreme_count": 0,
  "eur_rate": 0.85481045
}