{
  "last_scan": "2026-05-06T17:42:26.926106",
  "total_scanned": 0,
  "top_signals": [],
  "extreme_count": 0,
  "eur_rate": 0.85318991
}