{
  "last_scan": "2026-04-26T16:12:06.806519",
  "total_scanned": 0,
  "top_signals": [],
  "extreme_count": 0,
  "eur_rate": 0.85303998
}