{
  "last_scan": "2026-05-03T17:22:04.442135",
  "total_scanned": 0,
  "top_signals": [],
  "extreme_count": 0,
  "eur_rate": 0.8528501
}