{
  "last_scan": "2026-04-28T08:52:04.996354",
  "total_scanned": 0,
  "top_signals": [],
  "extreme_count": 0,
  "eur_rate": 0.85280355
}