{
  "last_scan": "2026-05-02T04:42:02.341882",
  "total_scanned": 0,
  "top_signals": [],
  "extreme_count": 0,
  "eur_rate": 0.85220034
}