{
  "last_scan": "2026-04-29T19:37:05.384441",
  "total_scanned": 0,
  "top_signals": [],
  "extreme_count": 0,
  "eur_rate": 0.8540315
}