{
  "last_scan": "2026-05-01T20:17:03.449349",
  "total_scanned": 0,
  "top_signals": [],
  "extreme_count": 0,
  "eur_rate": 0.85220034
}