{
  "last_scan": "2026-05-03T18:57:06.250748",
  "total_scanned": 0,
  "top_signals": [],
  "extreme_count": 0,
  "eur_rate": 0.8528501
}