{
  "last_scan": "2026-05-07T05:27:03.141530",
  "total_scanned": 0,
  "top_signals": [],
  "extreme_count": 0,
  "eur_rate": 0.85059546
}