{
  "last_scan": "2026-04-20T10:47:02.487352",
  "total_scanned": 0,
  "top_signals": [],
  "extreme_count": 0,
  "eur_rate": 0.84940406
}