{
  "last_scan": "2026-04-20T08:02:05.964824",
  "total_scanned": 0,
  "top_signals": [],
  "extreme_count": 0,
  "eur_rate": 0.84940406
}