{
  "last_scan": "2026-04-23T23:12:02.951936",
  "total_scanned": 0,
  "top_signals": [],
  "extreme_count": 0,
  "eur_rate": 0.85481045
}