{
  "last_scan": "2026-05-04T15:02:05.430417",
  "total_scanned": 0,
  "top_signals": [],
  "extreme_count": 0,
  "eur_rate": 0.85281009
}