{
  "last_scan": "2026-04-30T22:32:04.185874",
  "total_scanned": 0,
  "top_signals": [],
  "extreme_count": 0,
  "eur_rate": 0.85700157
}