{
  "last_scan": "2026-04-28T00:07:03.647747",
  "total_scanned": 0,
  "top_signals": [],
  "extreme_count": 0,
  "eur_rate": 0.85280355
}