{
  "last_scan": "2026-04-20T18:47:01.440017",
  "total_scanned": 0,
  "top_signals": [],
  "extreme_count": 0,
  "eur_rate": 0.85060414
}