{
  "last_scan": "2026-04-27T17:37:05.683985",
  "total_scanned": 0,
  "top_signals": [],
  "extreme_count": 0,
  "eur_rate": 0.85280355
}