{
  "last_scan": "2026-05-07T01:07:09.720918",
  "total_scanned": 0,
  "top_signals": [],
  "extreme_count": 0,
  "eur_rate": 0.85318991
}