{
  "last_scan": "2026-05-01T23:57:00.453847",
  "total_scanned": 0,
  "top_signals": [],
  "extreme_count": 0,
  "eur_rate": 0.85220034
}