{
  "last_scan": "2026-05-08T14:42:05.398934",
  "total_scanned": 0,
  "top_signals": [],
  "extreme_count": 0,
  "eur_rate": 0.85269084
}