{
  "last_scan": "2026-05-02T14:07:04.576342",
  "total_scanned": 0,
  "top_signals": [],
  "extreme_count": 0,
  "eur_rate": 0.85220034
}