{
  "last_scan": "2026-05-09T16:57:06.719697",
  "total_scanned": 0,
  "top_signals": [],
  "extreme_count": 0,
  "eur_rate": 0.84804048
}