{
  "last_scan": "2026-05-03T06:47:02.914095",
  "total_scanned": 0,
  "top_signals": [],
  "extreme_count": 0,
  "eur_rate": 0.8528501
}