{
  "last_scan": "2026-05-09T15:42:05.434368",
  "total_scanned": 0,
  "top_signals": [],
  "extreme_count": 0,
  "eur_rate": 0.85269084
}