{
  "last_scan": "2026-04-28T13:17:05.093337",
  "total_scanned": 0,
  "top_signals": [],
  "extreme_count": 0,
  "eur_rate": 0.85366041
}