{
  "last_scan": "2026-05-02T01:52:03.343827",
  "total_scanned": 0,
  "top_signals": [],
  "extreme_count": 0,
  "eur_rate": 0.85220034
}