{
  "last_scan": "2026-05-02T08:22:04.418252",
  "total_scanned": 0,
  "top_signals": [],
  "extreme_count": 0,
  "eur_rate": 0.8528501
}