{
  "last_scan": "2026-05-03T22:17:02.738103",
  "total_scanned": 0,
  "top_signals": [],
  "extreme_count": 0,
  "eur_rate": 0.8528501
}