{
  "last_scan": "2026-04-29T13:32:18.804735",
  "total_scanned": 0,
  "top_signals": [],
  "extreme_count": 0,
  "eur_rate": 0.8540315
}