{
  "last_scan": "2026-05-09T00:57:04.146967",
  "total_scanned": 0,
  "top_signals": [],
  "extreme_count": 0,
  "eur_rate": 0.85269084
}