{
  "last_scan": "2026-04-23T20:57:05.069586",
  "total_scanned": 0,
  "top_signals": [],
  "extreme_count": 0,
  "eur_rate": 0.85481045
}