{
  "last_scan": "2026-04-30T09:57:05.466621",
  "total_scanned": 0,
  "top_signals": [],
  "extreme_count": 0,
  "eur_rate": 0.85700157
}