{
  "last_scan": "2026-05-07T04:47:04.319435",
  "total_scanned": 0,
  "top_signals": [],
  "extreme_count": 0,
  "eur_rate": 0.85318991
}