{
  "last_scan": "2026-05-04T06:12:05.372406",
  "total_scanned": 0,
  "top_signals": [],
  "extreme_count": 0,
  "eur_rate": 0.85281009
}