{
  "last_scan": "2026-04-25T04:42:02.131592",
  "total_scanned": 0,
  "top_signals": [],
  "extreme_count": 0,
  "eur_rate": 0.8564797
}