{
  "last_scan": "2026-04-30T15:27:05.995931",
  "total_scanned": 0,
  "top_signals": [],
  "extreme_count": 0,
  "eur_rate": 0.8540315
}