{
  "last_scan": "2026-04-30T07:17:03.797485",
  "total_scanned": 0,
  "top_signals": [],
  "extreme_count": 0,
  "eur_rate": 0.8540315
}