{
  "last_scan": "2026-05-07T13:02:10.248224",
  "total_scanned": 0,
  "top_signals": [],
  "extreme_count": 0,
  "eur_rate": 0.85059546
}