{
  "last_scan": "2026-05-07T11:42:05.370102",
  "total_scanned": 0,
  "top_signals": [],
  "extreme_count": 0,
  "eur_rate": 0.85318991
}