{
  "last_scan": "2026-04-20T19:12:03.544309",
  "total_scanned": 0,
  "top_signals": [],
  "extreme_count": 0,
  "eur_rate": 0.85060414
}