{
  "last_scan": "2026-04-27T01:12:05.578112",
  "total_scanned": 0,
  "top_signals": [],
  "extreme_count": 0,
  "eur_rate": 0.85303998
}