{
  "last_scan": "2026-04-30T21:47:02.128504",
  "total_scanned": 0,
  "top_signals": [],
  "extreme_count": 0,
  "eur_rate": 0.85700157
}