{
  "last_scan": "2026-05-06T14:47:08.134568",
  "total_scanned": 0,
  "top_signals": [],
  "extreme_count": 0,
  "eur_rate": 0.85318991
}