{
  "last_scan": "2026-05-02T12:57:03.937415",
  "total_scanned": 0,
  "top_signals": [],
  "extreme_count": 0,
  "eur_rate": 0.8528501
}