{
  "last_scan": "2026-04-25T04:12:02.307415",
  "total_scanned": 0,
  "top_signals": [],
  "extreme_count": 0,
  "eur_rate": 0.8564797
}