{
  "last_scan": "2026-05-02T15:07:05.148669",
  "total_scanned": 0,
  "top_signals": [],
  "extreme_count": 0,
  "eur_rate": 0.8528501
}