{
  "last_scan": "2026-05-04T02:32:02.978551",
  "total_scanned": 0,
  "top_signals": [],
  "extreme_count": 0,
  "eur_rate": 0.8528501
}