{
  "last_scan": "2026-05-05T20:22:11.939731",
  "total_scanned": 0,
  "top_signals": [],
  "extreme_count": 0,
  "eur_rate": 0.85561937
}