{
  "last_scan": "2026-05-09T21:12:16.466196",
  "total_scanned": 0,
  "top_signals": [],
  "extreme_count": 0,
  "eur_rate": 0.84804048
}