{
  "last_scan": "2026-05-04T05:02:02.368592",
  "total_scanned": 0,
  "top_signals": [],
  "extreme_count": 0,
  "eur_rate": 0.8528501
}