{
  "last_scan": "2026-05-03T03:32:04.497178",
  "total_scanned": 0,
  "top_signals": [],
  "extreme_count": 0,
  "eur_rate": 0.8528501
}