{
  "last_scan": "2026-04-25T08:57:04.625378",
  "total_scanned": 0,
  "top_signals": [],
  "extreme_count": 0,
  "eur_rate": 0.8564797
}