{
  "last_scan": "2026-05-09T19:32:07.102734",
  "total_scanned": 0,
  "top_signals": [],
  "extreme_count": 0,
  "eur_rate": 0.84804048
}