{
  "last_scan": "2026-05-04T04:12:01.765757",
  "total_scanned": 0,
  "top_signals": [],
  "extreme_count": 0,
  "eur_rate": 0.8528501
}