{
  "last_scan": "2026-04-20T21:52:00.795326",
  "total_scanned": 0,
  "top_signals": [],
  "extreme_count": 0,
  "eur_rate": 0.85060414
}