{
  "last_scan": "2026-04-12T19:52:03.328760",
  "total_scanned": 0,
  "top_signals": [],
  "extreme_count": 0,
  "eur_rate": 0.85270392
}