{
  "last_scan": "2026-04-20T16:42:05.000571",
  "total_scanned": 0,
  "top_signals": [],
  "extreme_count": 0,
  "eur_rate": 0.85060414
}