{
  "last_scan": "2026-04-21T23:22:03.536754",
  "total_scanned": 0,
  "top_signals": [],
  "extreme_count": 0,
  "eur_rate": 0.84896994
}