{
  "last_scan": "2026-05-06T06:07:04.027779",
  "total_scanned": 0,
  "top_signals": [],
  "extreme_count": 0,
  "eur_rate": 0.85561937
}