{
  "last_scan": "2026-05-07T04:57:03.336225",
  "total_scanned": 0,
  "top_signals": [],
  "extreme_count": 0,
  "eur_rate": 0.85318991
}