{
  "last_scan": "2026-05-06T02:37:03.099651",
  "total_scanned": 0,
  "top_signals": [],
  "extreme_count": 0,
  "eur_rate": 0.85561937
}