{
  "last_scan": "2026-04-12T17:17:02.491070",
  "total_scanned": 0,
  "top_signals": [],
  "extreme_count": 0,
  "eur_rate": 0.85270392
}