{
  "last_scan": "2026-05-05T05:47:02.471832",
  "total_scanned": 0,
  "top_signals": [],
  "extreme_count": 0,
  "eur_rate": 0.85561937
}