{
  "last_scan": "2026-04-23T08:12:04.815232",
  "total_scanned": 0,
  "top_signals": [],
  "extreme_count": 0,
  "eur_rate": 0.85150371
}