{
  "last_scan": "2026-04-27T04:07:06.483931",
  "total_scanned": 0,
  "top_signals": [],
  "extreme_count": 0,
  "eur_rate": 0.85303998
}